,key_mlbam,name_first,name_last,at_bats,babip_P,hold_P,swing_P,Correct_P,Precision_P,ops_P,Decision,Decision_P,Total_Score
0,669701,Josh,Smith,70,133.56332045334648,99.10252115248512,113.12053743507163,107.13030628329409,92.06608533674907,207.8940989702518,411.4194502075999,102.09792771219128,272.8266374239904
1,641857,Ryan,McMahon,78,153.42658349512618,105.27277263047397,106.27024217673618,96.62644348556874,102.66693621407188,182.0754269118505,410.83639450685075,101.95323650044321,269.70424170393153
2,680757,Steven,Kwan,114,137.78110952029425,112.6253921852014,98.87832322756002,102.72928107005865,116.18500074739804,180.99964890941715,430.4179972302181,106.81261069466372,266.20298990951943
3,666149,Tyler,Fitzgerald,20,168.28978377121655,109.56122821196091,134.47451958948162,120.27596056473561,104.75342475631417,127.5469294135083,469.0651331224923,116.40329116594825,264.32164775831063
4,657136,Connor,Wong,56,140.2414864760138,84.63028856458207,115.70047951692413,100.52089329905553,92.63908311782887,190.06190925600274,393.4907444983906,97.64873675014914,262.8004346161574
5,595777,Jurickson,Profar,89,138.66573943695747,100.58995016531031,95.04158119544849,98.13847349785006,100.25392645233818,191.08506768223018,394.02393131094703,97.78105248927623,262.65645604887004
6,663616,Trevor,Larnach,27,152.36112110974338,98.75093613677473,125.5241051362856,105.24531555690182,82.87454490214728,167.5524238789998,412.39490173210936,102.33999594495438,262.296768439326
7,664761,Alec,Bohm,97,146.50657006428932,105.8188122219215,93.15808965241192,99.16454096521187,115.84188680083633,172.13617362849857,413.98332964038167,102.73418051175835,262.05555235815234
8,663527,Tyler,Nevin,64,128.55469593634598,95.92227914590283,123.55009053192218,106.76705286206226,101.17900960227375,178.7662402304522,427.41843214216107,106.06823806139633,259.7287061447954
9,669257,Will,Smith,88,127.4922604327398,99.35979130562961,91.16622260392285,97.85008040373364,113.42866956984462,190.950595431926,401.8047638831307,99.71194535565535,258.9333732879882
10,650859,Luis,Rengifo,72,135.04735734727254,92.21942784612213,116.18760144846271,99.23129752507886,103.60606318129584,175.35181439664186,411.2443900009595,102.05448473856953,257.2540706105267
11,608701,Rob,Refsnyder,26,158.2211642293489,105.7927548931301,111.51142594950872,104.1373224960016,90.8484200332728,148.45736433580723,412.28992337191323,102.31394449545377,255.65320877803182
12,677800,Wilyer,Abreu,59,145.7877599524663,96.08398720270056,123.29146295006707,107.68482122477339,100.0756171107263,151.97809234377104,427.1358884882673,105.9981219754013,254.88104812351997
13,680776,Jarren,Duran,99,128.4366475470564,106.00157355563815,115.61962663116807,102.99835197362988,107.9669515935163,165.19915949867678,432.5865037539524,107.35074767917412,254.16865120204068
14,650489,Willi,Castro,67,139.5437676378247,97.5975414859158,96.1816416849902,93.62674202675268,103.19553196604599,173.6709112678397,390.6014571637047,96.93173066478381,253.539070117616
15,666163,Ben,Rortvedt,36,186.98864863468506,97.74071097805268,106.61299121787656,102.55202992257166,78.75939508631653,123.51568521417231,385.6651272048174,95.70673009893382,250.9588970233625
16,502054,Tommy,Pham,22,135.99174446158912,112.60971056557104,106.96836785526946,105.90404887526472,113.5179132123071,147.61385658389923,439.0000405084123,108.9423321596986,250.74513268244277
17,663656,Kyle,Tucker,94,103.44052903195345,115.94871942536412,100.11817681035073,102.89790201186275,111.14938963346815,182.0754269118505,430.1141878810458,106.737217309751,249.495195281653
18,677942,Blaze,Alexander,49,129.74722558325084,99.24464467647358,134.1763499229861,112.4284617852344,86.80516617464913,153.90349047312625,432.65462255934324,107.36765205466033,249.19301008284884
19,643565,Mike,Tauchman,59,126.77196517605766,107.57553981511457,97.60247389559149,102.29522844445862,111.79037621255988,162.59818307831975,419.2636183677246,104.04453794991963,248.72961207710833
20,572233,Christian,Walker,85,109.99332272628533,107.58128606477084,96.99023569394949,97.1414599010844,107.2650678981661,183.1512049142839,408.9780495579708,101.49206927035885,248.06433309064346
21,518692,Freddie,Freeman,93,128.68036035075102,111.70948758866601,107.33220584117174,98.63475780115114,125.45364441631716,146.84369733215718,443.13009564730606,109.96724741541965,247.72927625687373
22,645277,Ozzie,Albies,74,136.4511760307161,98.32518068410326,101.57500477012984,95.78621354221596,119.23628823019823,151.20793309202892,414.92268722664727,102.96729166605611,246.7968462274286
23,605141,Mookie,Betts,105,135.34416472605776,121.80808208015257,76.10157075645239,91.3905825509608,113.61346701130736,158.1393663577077,402.9137023988731,99.98713974512916,246.72890528701188
24,680777,Ryan,Jeffers,74,111.18243972873165,104.13585224995508,98.87832322756002,96.26026861489379,106.4176809233287,177.46090548035997,405.6921250157376,100.67663362138465,244.9983062259305
25,681807,David,Fry,36,155.82387386223755,112.7406520894845,100.47909309301242,109.61630854563754,114.0985162957563,115.91507976219731,436.9345700238907,108.42976461795028,244.29924143016774
26,663837,Matt,Vierling,66,118.9927764038905,108.52433501947125,97.2439707775177,104.83502528685375,113.16039899836056,159.1662453600305,423.76373008220327,105.16128651465033,244.24079739661084
27,668942,Josh,Rojas,55,122.39257001543022,112.4906728165588,102.4738986176531,106.21086891063487,102.91286769938289,150.608920340674,424.0883080442297,105.24183384241333,241.74257902046543
28,518595,Travis,d'Arnaud,54,103.88258257482504,95.6442435541756,103.85278432550436,99.49406696965659,103.20784088705628,179.24443216860476,402.19893573639285,99.80976311648371,241.3732704881986
29,666397,Edouard,Julien,60,87.26136936285303,125.48959500869448,96.56215503148779,105.14654153303744,119.33934465909208,171.81307096758468,446.5376362323118,110.81286332431439,240.35008348953323
30,687401,Joey,Ortiz,51,117.32621090803768,115.82943707823749,129.30242268219388,113.7706975486033,92.7688798813044,138.22331833897383,451.671437190339,112.08686833024437,239.86163295375013
31,673548,Seiya,Suzuki,41,136.8209624156232,118.64184818405602,91.38754116486606,96.26916924074816,109.48399337343133,136.28470237349032,415.7825519631016,103.18067585987698,239.73350825443373
32,607208,Trea,Turner,107,150.28994189329828,99.08661180278494,104.40997767385709,97.93504103509933,110.56035838531979,123.51568521417231,411.99198889706116,102.24000902045117,239.14282257418645
33,680700,Richie,Palacios,50,142.11137296236066,104.32958478869081,112.8457507044601,105.36650684989439,87.3542500319931,132.72411105021894,409.8960923750384,101.7198909475459,239.13763295383572
34,660644,Vidal,Bruján,38,108.25658605165978,82.49316006547646,141.49255007310776,109.65571052570424,87.08733426800644,159.85827251376975,420.7287549322949,104.40812651381108,238.46555579652585
35,676475,Alec,Burleson,55,115.59298279235075,87.99270406984154,113.32122437315869,108.39572601814294,112.04638470770314,151.97809234377104,421.7560391688463,104.6630575620889,238.44859513014978
36,621439,Byron,Buxton,61,134.8770580315761,95.87884264213866,118.56099885436271,100.00098440210967,98.62483154524195,136.0859173078233,413.06565744385296,102.50645080783356,237.98793847753325
37,593934,Miguel,Sanó,35,160.27598454401576,98.99179207857173,123.90158438834303,109.52145192695836,80.40067789014289,109.36261374737578,412.815506284016,102.44437324922211,237.26367239491788
38,665742,Juan,Soto,103,112.55627393544148,116.59647763444438,76.08628675897829,94.4271422297636,115.81717650075083,161.9045893662245,402.9270831239371,99.99046030836367,237.22089195919665
39,664774,LaMonte,Wade,45,166.21213211972002,122.7980373577412,82.06567904240252,95.9193115693705,124.16113636248976,95.6994181331366,424.94416433200394,105.45422329886006,236.40999842528836
40,677951,Bobby,Witt,101,137.0015841481851,94.2035455637302,97.75015686022313,94.43753406493194,113.74672230923288,135.79358632890117,400.1379587981182,99.29831069401247,235.69589593255557
41,545121,Ildemaro,Vargas,47,135.26838411870835,110.71450429840259,89.1403065460579,98.93045637120152,103.98953764678134,135.79358632890117,402.7748048624433,99.95267090651045,235.48365613031518
42,672761,Wenceel,Pérez,36,114.27084083230754,96.38674491860934,135.83284807018345,107.49659096361455,77.82161148481248,149.05371953280832,417.5377954372198,103.61625740870117,235.27853759125912
43,514888,José,Altuve,104,125.85774427334573,103.18192084380229,93.0763720299098,93.25859493307557,110.13106189218682,146.33025783099575,399.6479496989745,99.1767099443215,235.27071099649226
44,656555,Rhys,Hoskins,78,86.30245321600849,114.85039095322797,135.83284807018345,115.32819894333312,91.65520400104798,155.18097685101588,457.66664196779254,113.57463946911341,234.3163545026256
45,592885,Christian,Yelich,31,96.51027026306325,108.50451684287891,98.36171756806388,94.24953631961357,116.44755202846397,164.0561453710913,417.56332275902037,103.62259227365362,233.9058000907309
46,643376,Danny,Jansen,24,77.91193693111877,124.43883467504075,105.79289128543135,111.43356802119916,112.35420444591111,164.0561453710913,454.01949842758245,112.66956364604171,233.65360479714673
47,696285,Jacob,Young,61,134.8770580315761,98.341599683967,122.24956326316511,105.44838806861708,93.48248664962213,124.00680125876147,419.5220376653713,104.10866733115635,233.55059697632515
48,669304,José,Miranda,45,124.65909908979003,90.32097817387933,93.11978451686404,98.64550349870001,99.84331310587407,152.49153184493244,381.92957929531747,94.77971583104467,233.3550312984059
49,573262,Mike,Yastrzemski,42,106.85065636267717,112.65194976683344,95.11764488588102,96.73852055340618,104.86392414951702,156.25675485344928,409.37203935563764,101.58984185223663,233.14354746029989
50,660162,Yoán,Moncada,29,141.8534575849335,105.7927548931301,104.42150195395354,103.1316915748651,106.75748193303882,115.91507976219731,420.10343035498755,104.25294584975066,233.13721452331606
51,642715,Willy,Adames,89,109.25179470790587,103.05735756030869,92.66256789894165,97.49649427475853,105.53819595702024,158.408310858316,398.75461569102913,98.95502000982758,232.78507279293854
52,647351,Abraham,Toro,71,110.61300341770102,105.62863555126162,121.77202590666838,109.39274719111023,85.7053158740858,144.7257593898664,422.498724523126,104.84736249851298,232.5167439022967
53,687263,Zach,Neto,72,119.46496996104878,86.07981919875803,109.74676702034141,98.22460845045302,90.4601789220195,152.49153184493244,384.51137359157195,95.4204143864818,231.39866528947243
54,641933,Tyler,O'Neill,55,101.99380834619186,117.38157163467005,91.90863904748826,101.0892565064909,114.91936893097756,148.56260348821922,425.29883611962674,105.54223871601155,230.8204446332171
55,668709,JJ,Bleday,81,101.57408073982891,100.913962798544,88.7961354783125,98.11644836773776,101.67016984306146,166.16523645480942,389.4967164876557,96.65757801199344,230.52723660931258
56,596146,Max,Kepler,40,102.8437567490768,100.37629266708323,106.0694740077462,97.76322517363425,107.92427690909199,152.49153184493244,412.13326875755564,102.27506905705535,229.94271335405995
57,686668,Brenton,Doyle,73,153.68930024768633,93.74222734713233,107.63276765561275,104.77741005744275,99.8831898185132,103.54363273421339,406.035594878701,100.76186916681758,229.37833565776742
58,605170,Víctor,Caratini,31,108.57405404594618,102.55906386518694,116.42815548872866,104.18269823565127,100.16620670335206,139.9122640664784,423.33612429291895,105.0551717820055,229.2983308382178
59,807799,Masataka,Yoshida,69,108.39921659981744,114.5110532415746,91.24742581693079,98.4618060992611,116.64315946494224,139.1421048147363,420.86344462270876,104.4415511325755,228.2122118398524
60,592192,Mark,Canha,79,104.1455764547613,118.76674817937389,77.79517662201415,94.7423750304482,124.54612234927936,145.5600985792537,415.8504221811156,103.19751854587327,228.05035606288075
61,663697,Jonathan,India,73,102.45953349845756,130.69699456156812,88.33060929419445,101.10828970524881,117.80935306089862,135.79358632890117,437.94524662191,108.6805743115438,227.80713422522314
62,676914,Davis,Schneider,47,111.39749280364215,117.02518055800147,101.23791957730862,107.35524107411605,101.003351599492,131.31215242202515,426.62169280891817,105.87051907944287,227.22534169227652
63,521692,Salvador,Pérez,97,123.3739537383489,76.73782331672228,102.60231202444214,87.58931468898761,90.27609908478733,153.7193219564053,357.2055491149394,88.644195877293,227.19083372467009
64,457759,Justin,Turner,76,118.09809387453791,101.44789910964742,91.1806134835762,96.79812072009291,107.831830759023,139.07792487709114,397.2584640723395,98.58373474430508,227.1717441201196
65,681624,Andy,Pages,44,110.49329237504118,87.02575127786527,137.90347075418018,108.09111620511736,88.99243813557409,134.2644295537031,422.01277637273694,104.7267695146245,227.10563047899663
66,646240,Rafael,Devers,58,116.06191984221832,99.6452032474072,89.94627676799333,93.23504478283995,114.58723202655277,140.65797381816517,397.41375682479327,98.62227222279874,226.9822190529905
67,663993,Nathaniel,Lowe,27,138.5101100997667,110.46910130507281,81.00874674065159,90.32247230629635,110.36463784529857,120.65828277292631,392.1649581973194,97.31972937371062,226.9039258100571
68,664983,Jake,McCarthy,53,134.06733298335908,94.13925325119077,100.60120310197962,99.20576193642083,115.67541741078664,115.92923473591354,409.62163570037785,101.65178172782991,226.6500655874662
69,641355,Cody,Bellinger,70,74.79545945387403,95.0182995518577,85.95672416941296,94.39020726934433,114.38733481555636,184.90519078781662,389.75256580617133,96.72106962672832,226.57139474757366
70,592626,Joc,Pederson,53,127.01115756318228,107.32119853178487,82.20229253902481,91.933575491247,110.89719101839334,131.31215242202515,392.35425758045005,97.3667059440334,226.5283609366371
71,543685,Anthony,Rendon,61,122.61550730143283,116.81031465271465,99.71627511931901,106.70302464445382,116.64315946494224,111.72890014403262,439.87277388142974,109.15890983677583,226.33111355950854
72,630105,Jake,Cronenworth,92,89.42935369484938,108.02675722860012,100.02236994258963,103.46755484189114,110.81510575487124,153.5184108472552,422.33178776795216,104.80593544212651,226.27981771317883
73,682985,Riley,Greene,77,101.99380834619186,116.53795628297465,88.2213343136243,97.87451848575255,107.06053316327619,147.10041708273783,409.6943422456277,101.66982459769758,226.21693731216243
74,607732,Jacob,Stallings,22,135.99174446158912,111.26984380924729,106.30396805492619,107.0034873353411,94.02493821625437,108.49787353489344,418.60223741576897,103.88040952918283,226.12521852742412
75,467793,Carlos,Santana,79,66.27445774393901,105.45517369194928,90.3826801564559,97.40844935010611,107.95024878541086,185.39630683240574,401.1965519839222,99.56101137699257,225.39639366516496
76,502671,Paul,Goldschmidt,75,119.67273512619845,105.4830571329043,89.0887505561527,93.20374209867582,117.40778046294756,129.65463577153676,405.18333025068034,100.55037101732707,225.21405646619468
77,657077,Alex,Verdugo,94,91.50508337442035,115.85246303866286,87.19270320975745,97.26108847706543,107.73690837279146,156.25675485344928,408.0431630982772,101.26006767166746,225.14098678560228
78,702358,Trey,Lipscomb,63,112.78680393838145,92.80480507366102,144.55184845306687,111.13972426038575,82.27182093922258,123.51568521417231,430.7681987263362,106.89951676343934,225.05076133971622
79,592663,J. T.,Realmuto,74,106.12869246833476,98.2677141845801,113.23475733908279,100.73176425425949,99.93527018027899,136.7758184180795,412.1695059582014,102.28406168754512,223.73631713075224
80,694497,Evan,Carter,71,84.27657403253411,115.60265968359285,81.75926205498304,97.41034394008842,108.73911217160814,162.61056868032145,403.5113778502725,100.13545899693297,223.57903035336074
81,666969,Adolis,García,80,112.19318918081103,95.22700356551645,109.89900807048234,96.31920519149698,98.12920139236073,135.0345888054452,399.5744182198565,99.15846235871084,222.77235135183895
82,624431,Jose,Trevino,47,103.44052903195345,116.46093185714321,111.42538318257236,106.96574360083126,89.81855940131668,130.1457518161259,424.6706180418635,105.38634000033684,222.17948042437652
83,664314,Estevan,Florial,29,103.16615097086073,98.66016128433867,135.83284807018345,112.5972944146203,95.52672542387512,121.4284420246684,442.6170291930175,109.83992474816348,222.13722124592806
84,660271,Shohei,Ohtani,94,135.26838411870835,106.69462342853421,92.04814556724538,92.59893148039092,115.78668492290947,106.5721816758465,407.12838539908,101.03305626674182,221.95333916401924
85,668939,Adley,Rutschman,100,127.15228107158585,91.52071343113236,80.58442890882466,84.82006015711863,112.08045171430324,133.19476392628357,369.00565421137895,91.57251216502472,221.74603466395945
86,571970,Max,Muncy,62,96.51027026306325,109.4671139916481,91.05917811554252,97.2651125901435,100.0334403129753,149.51898736452438,397.82484501030945,98.72428794380316,221.738916757597
87,666176,Jo,Adell,45,116.34849248380404,94.17027404734755,97.89515808183144,97.08035278151009,81.72044012869516,142.91476897544393,370.86622503938423,92.03423176968911,221.6658624993131
88,664901,Danny,Mendick,27,124.65909908979003,97.54665642778969,132.8799600686577,104.48444690432162,77.11694494052442,112.71113223321092,412.0280083412934,102.24894761246861,220.9340632739691
89,668930,Brice,Turang,83,126.16101594629352,104.51090741391323,94.99121469772965,104.21823727649577,114.47737135816611,107.82229524389162,418.1977307463047,103.78002707843281,220.7716826735254
90,669224,Austin,Wells,44,76.49535625964388,104.62547130255551,122.24956326316511,107.16353528648371,93.4323440678326,152.49153184493244,427.47091392003693,106.08126194920979,220.57470600149796
91,553869,Elías,Díaz,79,123.08113581017244,81.86821188316223,110.02460693684858,95.27925490408236,94.6925293321396,127.84643578918575,381.86460305623274,94.76359131540076,220.22737711507986
92,663898,Brendan,Rodgers,63,112.78680393838145,90.77314267427892,115.76663187799727,101.06854149491168,94.10489139500969,127.07627653744369,401.7132074421976,99.6892246921494,219.62076493006197
93,596142,Gary,Sánchez,39,67.12413027911771,105.69436133389169,91.19423066002237,100.9462139002177,106.95808734840986,169.7039798838666,404.7928932425416,100.45348009636308,218.86753517785525
94,621493,Taylor,Ward,97,107.95220952105528,107.4997974372411,98.23625619361482,100.1747150950883,124.33898933515606,115.78060751189314,430.24975806110024,106.77086043098932,218.63726894746353
95,675961,Alika,Williams,32,128.55469593634598,93.06920622771702,106.96836785526946,103.14553847223016,86.18952669823318,115.01044826015104,389.37263925344985,96.62678698234647,218.40935908059498
96,665926,Andrés,Giménez,94,119.3544565753309,87.74750147092081,109.64473541258452,96.07310168628634,101.91754251907865,120.65828277292631,395.3828810888703,98.11828972033301,218.12465939446162
97,672284,Jarred,Kelenic,43,173.94292896249772,92.51569353137546,96.15134189237705,94.94940911406614,90.78630145547227,76.36854493361352,374.4027459932909,92.9118554710538,218.06759241910942
98,669222,Nick,Senzel,34,65.9959936357712,104.13071024658502,105.38755453721132,101.51460474425045,105.45542090136766,162.84589511835378,416.4882904294144,103.35581204967296,217.77675642673546
99,686676,Korey,Lee,44,93.49432431734253,84.55548906711336,140.4217956401221,112.48945292969108,94.65456949895251,127.5469294135083,432.121307135879,107.2353043994263,217.7559312648517
100,670623,Isaac,Paredes,88,106.24355036061652,94.55932377654614,91.99903357814722,92.00866928376587,100.05910570714427,141.1958628193819,378.6261323456035,93.9599318181528,217.67963840815202
101,650333,Luis,Arráez,122,119.55011961889701,97.44806042822364,92.02487842323893,95.64615946775315,101.41980450836274,121.19311558663613,386.53890282757845,95.92356642090235,216.29518402366892
102,622761,Jorge,Mateo,26,143.83742202668083,95.79850846313394,105.05821842928252,95.6879376733286,89.23150999346494,96.52662621834106,385.77617455921,95.73428763116931,215.91631175368025
103,694384,Nolan,Schanuel,72,93.49432431734253,122.2714152426803,105.90927510422719,108.4157013822872,105.72581941649936,118.35896674598621,442.32221114569404,109.76676264639921,215.69340817806358
104,595909,Jake,Cave,21,124.65909908979003,108.02675722860012,122.91396306350842,103.67448995157493,112.30756509163717,84.46079794104843,446.92277533532064,110.90843951615048,215.4683880315697
105,596115,Trevor,Story,22,118.9927764038905,106.63749959683541,115.45792085965594,105.10307544303363,114.91936893097756,92.48329014669513,442.1178648305025,109.71605202660197,215.4540853018948
106,661388,William,Contreras,94,143.22534789039707,98.54887578291817,74.34095063300582,88.97065604017368,108.49295685260054,102.94461998285843,370.35343930869817,91.90697876685464,214.9919627034824
107,656582,Connor,Joe,76,113.17733996309885,115.01121071369332,93.22490280288534,99.13873101619353,119.14434572991057,104.24961204831027,426.51919026268274,105.84508202839783,214.5585580341024
108,672386,Alejandro,Kirk,58,77.37461322814553,113.97605690205926,82.63164924269493,95.11073456814805,113.87083454292122,149.51898736452438,405.58927525582345,100.65111040572816,214.09791070206313
109,519203,Anthony,Rizzo,93,104.5527927849852,94.71436896406556,102.67053164679882,97.57900363525209,87.23636305489188,133.43009036431587,382.20026730100835,94.8468898171643,213.83833139181485
110,694671,Wyatt,Langford,84,111.30276704445538,108.18181955955026,137.1389331477814,111.87720006478474,88.08797442286385,94.78539660570678,445.2859271949803,110.50223897550036,213.54632080058144
111,665161,Jeremy,Peña,100,130.89205404427952,76.0483819353611,94.99121469772965,88.2131334674601,93.30953107765244,120.65828277292631,352.56226117820324,87.49191667446833,213.26708508307127
112,641584,Jake,Fraley,43,139.15434316999819,89.59522020356383,104.64296855406796,99.72803302954996,109.69576125229676,86.60012919588755,403.6619830394785,100.17283320885436,213.05006939179722
113,650559,Bryan,De La Cruz,96,112.97230855012221,89.21814594037943,105.72454962439424,99.35471953692597,99.95590943475653,116.99085776463069,394.25332453645615,97.83797875502249,212.81956191239894
114,643217,Andrew,Benintendi,88,80.74509827406855,99.79941742187012,101.1862939171468,101.22595649073705,107.83902866508797,141.1958628193819,410.050696494842,101.7582575348323,212.7287380815575
115,545341,Randal,Grichuk,40,102.8437567490768,95.51839586528853,82.28335988866881,91.94595128386882,99.689091120848,139.1421048147363,369.43679815867415,91.67950492762328,212.67243570952985
116,643289,Mauricio,Dubón,60,112.19318918081103,79.60878383941083,110.36418905702405,94.63311001393758,95.76614077581465,124.25235928105607,380.3722236861871,94.39324217180729,212.61601640274085
117,650907,René,Pinto,26,100.68619541867656,91.54079697588354,118.30602896435335,105.20731171161164,82.48245028110487,126.92764931342329,397.5365879329534,98.65275401357313,212.45967637962303
118,665489,Vladimir,Guerrero,92,101.62426556232882,106.12633565180214,105.72935201138604,101.57298002012409,107.73690837279146,114.24028900840896,421.1655760561037,104.51652812559509,212.44880541096398
119,542303,Marcell,Ozuna,86,113.06290382562352,97.92736420675914,97.17272977328508,93.9229290155357,105.49598067863741,115.54528107386083,394.51900367421734,97.90390973953986,212.208002189282
120,641343,Jake,Bauers,37,101.07494520793787,106.27953137269974,108.87851728125644,101.8612529874013,107.17480276388996,112.71113223321092,424.1941044052474,105.26808828715082,212.1611270077252
121,671277,Luis,García,69,130.07905991978092,100.49928129804238,94.48678076637762,96.00953147192342,111.28268004075676,93.80316451652848,402.2782735771002,99.82945160987236,211.77056382802706
122,650391,Eloy,Jiménez,50,97.23409729003623,94.27789721768737,100.75513455755367,97.43843040561553,102.15055016086893,130.1457518161259,394.6220123417255,97.92947238973461,211.61939694281568
123,669016,Brandon,Marsh,62,114.60594593738762,109.79089666896141,90.95949647556928,93.90381285117255,106.8391008030182,109.36261374737578,401.49330679872145,99.63465410733585,211.61893394971753
124,672695,Geraldo,Perdomo,21,106.85065636267717,122.21208898589104,81.67535476633874,93.72359024640143,137.9032427171731,100.01373616372882,435.51427671580433,108.07730436497502,211.50950062817802
125,666181,Will,Benson,61,110.35395657128954,102.18185989983488,109.8648035861778,102.54992162048862,105.18043936055574,104.24961204831027,419.777024467057,104.17194490355344,211.47372921335335
126,571771,Enrique,Hernández,57,98.41507822878161,99.35640273079484,104.27168631269966,102.3103519258963,105.41642111553135,119.88812352118426,411.35486208492216,102.08189951158752,211.23350038657046
127,663886,Tyler,Stephenson,49,91.58627688229471,117.84737152210923,93.27482911312921,103.85510752988777,102.299718604445,123.71447027983935,417.2770267695712,103.55154500736535,211.20191858843236
128,682928,CJ,Abrams,89,100.84781049960543,87.04450682770964,95.50747129934774,88.99444028519528,99.93960683297077,137.16169531025668,371.4860252452234,92.18804150469275,211.1927944096238
129,516782,Starling,Marte,83,117.14951480727255,90.60265715665888,99.6599700514933,100.51368233110007,95.72009936198012,112.95669025550549,386.49640890123237,95.91302112019258,210.9661236515816
130,606466,Ketel,Marte,106,119.95498214300551,93.36052246931168,108.79546730621352,98.57082297519432,104.92638032828387,100.43323111848206,405.6531930790034,100.6669722646832,210.861078895427
131,621043,Carlos,Correa,36,124.65909908979003,108.69686973333368,107.38137313656395,100.91266952253706,101.86034973427557,88.64644604834237,418.85126212671025,103.94220754802564,210.59498011709184
132,676801,Chas,McCormick,50,127.15228107158585,107.17060111070444,111.00491003848718,101.38755267323137,103.53584653687129,83.69063868930635,423.0989103592943,104.99630472787057,210.41776460831665
133,668715,Spencer,Steer,87,103.16615097086073,108.77214457386921,91.09943416245477,94.97421421310797,105.73047202252894,118.06663576706407,400.5762649719609,99.40708083609063,210.02347420505305
134,644433,Chadwick,Tromp,21,124.65909908979003,94.27789721768737,125.02796242823706,99.42919833717855,60.65188915801593,106.5721816758465,379.3869471411189,94.14873576010476,209.76437614292303
135,593160,Whit,Merrifield,43,86.97146448124886,95.44663148071658,103.99702430373421,98.70563486322224,108.5988036397738,130.63686786071506,406.74809428744686,100.93868315335226,209.7428493243342
136,641658,Garrett,Hampson,20,130.89205404427952,94.04220247464316,119.38433912418466,103.08543034957734,92.52699189663267,84.71751769162914,409.03896384503787,101.50718577123037,209.31197163918472
137,668885,Austin,Martin,50,97.23409729003623,102.83900671839665,136.2917428271773,117.13223624336591,95.02947815446223,97.29678547008317,451.29246394340214,111.99282225840432,209.25826363846403
138,681082,Bryson,Stott,74,85.91370342674719,104.78860873182143,74.29531469032133,87.14574062306701,111.17938946872681,144.9610858278987,377.4090535139366,93.65790130765345,209.09529593497638
139,660821,Jesús,Sánchez,53,105.84263130265192,85.75560142399812,112.50990025593492,96.22772155020247,98.66432661508271,116.99085776463069,393.1575498452182,97.56605110269977,208.98279563634108
140,691026,Masyn,Winn,65,138.0839251456136,103.97851686709572,96.94521817912288,102.32723482225371,90.15226355792205,83.69063868930635,393.4032334263944,97.62701998615519,208.51430190361515
141,666135,Alex,Kirilloff,66,113.32645371799094,102.19800396775625,108.61014918008469,99.65992070752617,103.42743203787981,97.29678547008317,413.8955058932469,102.71238615424352,208.02400574828056
142,575929,Willson,Contreras,64,111.02451012684425,92.80480507366102,114.87243444556032,97.92197772857607,104.51942604129634,101.41546320766037,410.11864328909377,101.77511922400207,207.99510589125435
143,679845,Nick,Loftin,25,119.67273512619845,107.32119853178487,99.91550843624071,103.47357039740521,86.18952669823318,98.83710397356731,396.89980406366396,98.4947296094712,207.74964915935408
144,624512,Reese,McGuire,35,128.22078763521262,108.15769875251358,83.56903738692928,99.31931158270754,92.40938944965207,96.8200202190047,383.45543717180243,95.15837300705769,207.67877693416636
145,572138,Jon,Singleton,36,114.27084083230754,105.26734535962639,81.86354682801235,109.23817331285053,83.86008003071336,112.22001618862177,380.22914553120256,94.35773587010611,207.60316438057077
146,592450,Aaron,Judge,82,82.09257744937392,113.57753922058352,95.05049775246091,98.39091843317604,105.82343432447163,127.84643578918575,412.8423897306921,102.45104465037731,207.42055126965715
147,677594,Julio,Rodríguez,82,145.9423599099981,88.57672644198652,108.03902485837042,91.96930560220356,90.37036194852061,80.71696824507998,378.9554188510811,94.0416476189393,207.37131169647833
148,594807,Adam,Duvall,33,90.66116297439277,106.89254543695542,92.0789979706532,97.78389393159908,107.51477041738366,122.19860127641049,404.27020775659133,100.32377036841066,206.7536524938123
149,683002,Gunnar,Henderson,88,101.99380834619186,97.99523041335122,88.18663429226118,93.55388498011166,113.89330313695099,115.78060751189314,393.629052822675,97.68305936977167,206.57026729881414
150,543510,James,McCann,40,102.8437567490768,80.09044666551112,127.34329506579701,99.75872684189314,90.3432388282685,112.95669025550549,397.5357074014698,98.65253550071546,206.5527590030066
151,642731,Thairo,Estrada,83,94.62076195972014,93.3643517020121,103.40658546696298,92.47181168954413,95.14982402824754,127.5469294135083,384.39257288676674,95.39093278135778,206.474778467972
152,657757,Gavin,Sheets,71,110.61300341770102,97.49191644101761,91.41429395794712,100.5889396553971,94.22792815195442,111.72890014403262,383.72307820631625,95.22479085624013,206.39574263710696
153,664034,Ty,France,76,113.17733996309885,101.17627994093282,98.47881485088301,100.72640018991876,104.03685293372588,98.60177753553499,404.41834791546046,100.3605328579426,206.25009160725952
154,666703,Eguy,Rosario,28,120.20698840801182,103.37750438585023,118.85374206141053,103.54088880473012,83.21747405346652,89.13756209293152,408.98960930545735,101.49493793945716,206.16721318992882
155,650402,Gleyber,Torres,90,108.03788587781801,107.64351374397538,97.52632841624452,101.14584385519505,124.35463077125155,90.3653522044044,430.6703167866665,106.87522636298384,206.07684540409502
156,500743,Miguel,Rojas,44,101.99380834619186,98.75941697979574,75.01677745694224,97.35929259411859,92.34592146239268,129.36230479261462,363.4814084932492,90.20161431440197,205.8796708838052
157,681297,Colton,Cowser,51,124.65909908979003,103.17875609397962,129.30242268219388,111.65986189301478,85.67649380121989,73.42184866607859,429.8175344704082,106.66359974388344,205.70407362181777
158,641487,J. P.,Crawford,68,82.49499204471398,112.33111157852112,94.76710330477916,102.16099374790231,107.48340976485548,120.65828277292631,416.74261839605805,103.41892612544277,204.9955635342629
159,665828,Oswaldo,Cabrera,86,100.01718415343619,105.40792675033101,115.68007738687352,104.33598611715922,96.2014414157047,100.43323111848206,421.62543167006845,104.63064598076437,204.8558536167235
160,663647,Ke'Bryan,Hayes,91,115.06993762134465,103.18029927694268,81.49970884211008,95.84222232103845,105.6516778881568,102.94461998285843,386.173908328248,95.83298931768279,204.84026811978433
161,543257,Robbie,Grossman,43,113.06290382562352,111.49760447205949,75.7415772391349,97.00083266427295,107.06355269546152,102.17446073111634,391.30356707092886,97.1059663906777,204.7246486690476
162,665862,Jazz,Chisholm,78,105.48077615289925,104.82036863020656,87.69322364758293,94.42837794450847,98.60985150627552,112.41880125428881,385.5518217285735,95.67861219075736,204.6284008943514
163,663586,Austin,Riley,86,113.06290382562352,102.38700895586466,104.55554752770702,98.03550821269185,109.82213885742615,90.1086324538237,414.8002035536897,102.93689609486658,204.5226642345902
164,608070,José,Ramírez,108,86.5688188123542,92.86655145095553,106.37738239750556,94.61555393638876,99.49820361487211,127.07627653744369,393.357691399722,97.61571826829834,204.43826594319728
165,676059,Jordan,Westburg,83,117.14951480727255,100.73422186213294,125.61660631914211,102.50476589630182,98.21597228403316,79.06968317885385,427.07156636161,105.98215978441972,204.09175877748294
166,672275,Patrick,Bailey,58,116.06191984221832,98.39991290321406,100.45971055190653,97.8799942896289,100.64367092712942,94.78539660570678,397.38328867187886,98.61471124027298,204.03836946423553
167,668670,Jake,Rogers,38,78.73206258302528,107.03990525569141,107.4459052117662,101.65110306590293,90.6095024263477,127.07627653744369,406.74641595970826,100.93826665922676,203.84243621946126
168,686217,Sal,Frelick,79,123.08113581017244,111.41142650909366,83.80010384975027,97.34693892166659,110.60158917345528,84.46079794104843,403.1600584539658,100.04827550983748,203.81924238544792
169,656896,Emmanuel,Rivera,51,109.99332272628533,100.913962798544,98.38577865357466,102.18811733578175,95.69073436575495,100.43323111848206,397.1785931536554,98.563913962186,203.7771908845697
170,541645,Avisaíl,García,37,101.07494520793787,78.95773891981317,130.05272687570758,101.17964928429105,90.76596174415708,107.30885574273023,400.9560768239689,99.50133501632197,203.69323549165603
171,668853,Austin,Shenton,22,84.99484028849321,109.99088008730196,131.97396034091688,112.41812163423788,86.18952669823318,103.71477923460051,440.5724887606899,109.33255121208222,203.6873609736291
172,606192,Teoscar,Hernández,77,121.42120041213316,92.05758442089402,97.17653390457906,95.71607474782333,113.44313197830691,88.15533000375322,398.3933250516033,98.86536205717469,203.6536272651179
173,665833,Oneil,Cruz,71,131.68214692583453,98.28132467130928,105.6678405865124,98.20728052053485,75.13958737794687,88.15533000375322,377.29603315630345,93.62985415456477,203.54859261935866
174,666023,Freddy,Fermin,42,89.04221363556431,95.2737904981559,124.32158975915098,102.51395461629609,99.75639664147359,108.59245449563369,421.86573151507656,104.69027883524538,203.50761290084438
175,663624,Ryan,Mountcastle,79,118.34724597131967,97.74874446114677,108.27818460451766,95.18294982170823,104.27868662255374,87.07078207195215,405.4885655099264,100.6261182563504,203.3351322779863
176,666915,Bobby,Dalbec,25,104.71364323542365,101.87679876938623,112.06209965790134,109.32752283988097,102.82259325403255,90.1086324538237,426.0890145212011,105.73832953593502,203.1494673805587
177,683734,Andrew,Vaughn,77,101.99380834619186,107.0341359989336,97.2439707775177,90.29028325700685,108.94953158391381,104.014285610278,403.517921617372,100.13708289940028,203.1411298776352
178,665750,Leody,Taveras,78,100.68619541867656,98.1564183057568,101.03269691170671,98.09981416507264,102.83977617402822,106.5721816758465,400.12870555656434,99.29601440785781,202.92520295511935
179,671213,Triston,Casas,52,93.49432431734253,105.96104180824129,83.4504997452457,93.45991218824952,106.12085474719959,119.14241376949745,388.9923084889361,96.53240402869065,202.85077307211066
180,683011,Anthony,Volpe,93,116.61657656786811,108.14892754995478,101.29249527519394,98.5606976563244,97.12896662531662,87.54143494801676,405.13108710678966,100.53740634896802,202.61641210691045
181,667670,Brent,Rooker,37,90.9674506871441,97.09721232587182,96.9768170116454,87.77552663631744,87.89063577780357,130.43808279504802,369.74019175163824,91.75479513839761,202.45756187949365
182,656811,Ryan,O'Hearn,63,100.91450878697287,112.19069768904797,90.62104253519507,99.68700956882205,101.17900960227375,103.54363273421339,403.67775939533885,100.17674827227535,202.40581903286846
183,664728,Kyle,Isbel,73,81.96762679876605,95.67699843210511,86.43908513557129,96.17602055256164,96.0896750351924,136.7758184180795,374.3817791554304,92.90665233664885,202.27837494507162
184,656716,Zach,McKinstry,28,133.56332045334648,98.99179207857173,90.39580382135448,92.4766384883587,96.96321753551233,82.50749549097793,378.82745192379724,94.0098913223306,202.0452992944928
185,666152,David,Hamilton,25,104.71364323542365,116.15036937219084,124.51344406433482,115.95173218268249,102.25876048942919,71.62481041201372,458.87430610863737,113.87433362817751,202.04356045189618
186,682829,Elly,De La Cruz,68,120.99265499891388,105.64519136450663,97.69944605048032,97.26108847706543,86.18952669823318,90.8787917055658,386.79525259028554,95.9871822259614,201.92290557820127
187,543760,Marcus,Semien,110,95.19422112311237,92.55330153687603,101.27182755528472,98.33161601766702,107.55583793855148,110.13277299911786,399.7125830483792,99.1927493683983,201.85624642951342
188,672515,Gabriel,Moreno,69,102.97925576982657,122.69740775081696,107.1964453986709,105.31411083888693,115.96409046671371,76.36854493361352,451.1720544550885,111.96294141726398,201.63684176898403
189,657557,Paul,DeJong,43,113.06290382562352,89.49729629745087,125.75150387747452,107.29299893527437,107.24719515291514,76.36854493361352,429.7889942631149,106.65651720070362,201.37224158032214
190,664238,Dylan,Moore,41,100.3353724381237,118.67437062050999,116.13708510000687,110.77431063307716,108.27114097629291,76.85966097820265,453.8569073298869,112.62921500882781,201.22673171699097
191,672580,Maikel,García,102,87.99465818102826,105.11985539772142,92.39792572215967,101.53943101100128,108.20330191553083,112.22001618862177,407.26051404641316,101.06584533657632,201.17318252140132
192,671739,Michael,Harris,92,130.07905991978092,76.2779219783515,113.79613601624412,92.18170584608856,91.45300924469018,86.60012919588755,373.7087730853744,92.73963902442996,201.07923358226418
193,624415,Cavan,Biggio,46,121.9491186747946,126.66272608478668,95.50747129934774,104.45346494438049,113.58309719922201,60.714221012334214,440.20675952773695,109.24179177722948,200.5734616207939
194,621438,Tyrone,Taylor,57,111.53708865928581,100.57989569480551,110.83064801330902,103.9541873165522,108.51199404453817,79.06968317885385,423.8767250692049,105.18932737175837,200.4927132908282
195,669134,Luis,Campusano,80,102.8437567490768,83.64422741522726,107.4222647485733,98.8352534744049,98.85013513978156,104.24961204831027,388.751880777987,96.47273944297382,200.01942384166736
196,687231,Darell,Hernaiz,38,78.73206258302528,102.67765667724198,142.27319862523527,114.06582707805765,88.82798159715868,98.83710397356731,447.8446639776936,111.13721557406457,199.92179885236087
197,595281,Kevin,Kiermaier,40,102.8437567490768,97.7364613819232,119.59196406179196,100.39624521002315,94.2071570887665,92.24796370866282,411.9318277425048,102.22507941708439,199.7709396459542
198,640492,José,Azocar,26,158.2211642293489,62.05907454467036,90.95949647556928,84.96502073845959,76.92183565541241,84.71751769162914,314.9054274141116,78.14698976453194,199.61633072502093
199,643446,Jeff,McNeil,90,103.88258257482504,90.38381015869594,91.49851571394302,97.52542900419198,114.06176170014939,99.94211507389291,393.46951657698037,97.64346882520168,199.55581764956065
200,686527,Dominic,Canzone,21,71.23377090845145,91.47756363696399,108.4471932173239,101.12189834291871,88.76234839071776,134.2644295537031,389.8090035879244,96.73507523720384,199.48417546828114
201,683146,Brett,Baty,73,112.70548684830331,93.62318959812009,110.07640759924824,101.22272836488229,102.62773539841167,83.69063868930635,407.5500609606623,101.13769935297097,199.33576212177582
202,673237,Yainer,Diaz,94,111.39749280364215,90.7424760720241,108.69019268996195,97.3350866157914,95.68796433436499,92.48329014669513,392.45571971214247,97.39188480561087,199.33227628077952
203,666158,Gavin,Lux,49,91.58627688229471,106.44278718125994,123.55009053192218,115.09625579369758,95.76614077581465,88.15533000375322,440.8552742826944,109.40272732011285,199.27353076313682
204,572191,Michael,Taylor,50,142.11137296236066,96.69280237182896,106.03278446294932,97.76322517363425,93.32948748980279,60.78145713748629,393.8182994982153,97.73002286016896,199.17643791009243
205,670042,Luke,Raley,38,118.09809387453791,81.87291074167588,113.37661109083861,97.6932693774456,96.86787513872224,86.36480275785526,389.81066634868233,96.73548786822454,198.96693618442112
206,686554,Oliver,Dunn,37,131.39742877031924,101.1437875585407,118.85374206141053,115.45568199152663,96.61567912140654,51.771816367106695,432.06889073288437,107.2222967350556,198.80691930376855
207,643265,Garrett,Cooper,24,140.2414864760138,107.54663830758413,94.46557161244577,90.03310969478876,82.99732200570602,70.22959437624907,375.0426416205247,93.0706520895892,198.30619251572062
208,600869,Jeimer,Candelario,58,96.71826653518193,98.54131748435753,102.60231202444214,96.67107463729417,98.38615783477562,102.94461998285843,396.2008619808695,98.32128001148025,198.15272327050042
209,671732,Lawrence,Butler,55,88.39463390003294,109.59380109781709,102.35517678873494,101.50896535728616,98.27708227176586,102.94461998285843,411.7350255156041,102.17624093964834,197.84586788109402
210,545361,Mike,Trout,82,63.84978246062417,117.66466241897416,108.70128692214425,105.5035149464177,115.9577969634864,108.72081437092405,447.8272612510225,111.13289691015902,197.41819532593314
211,543877,Christian,Vázquez,46,97.55929493983568,87.45176531531382,111.3714241592394,95.85606250687971,83.51698323472206,109.42679368502095,378.19623521615495,93.85324846610426,197.3462927785326
212,663368,Blake,Perkins,60,124.65909908979003,106.55366508457374,81.73662660037202,99.79362669135554,86.18952669823318,82.99861153556708,374.2734450745345,92.87976813087177,196.70862344355032
213,592206,Nick,Castellanos,86,86.97146448124886,83.02196237358848,112.25075639133217,93.23048806299327,95.31177587432356,115.78060751189314,383.81498270223744,95.24759789313704,196.62363388970806
214,656941,Kyle,Schwarber,78,86.30245321600849,109.57424796575911,89.1403065460579,96.7628572881366,103.97466712802732,108.59245449563369,399.45207892798095,99.12810261715761,196.5755564729787
215,660670,Ronald,Acuña,77,135.99174446158912,106.79612423414378,87.91290129241166,87.30007225416213,131.470256304189,51.771816367106695,413.4793540849066,102.60911384365201,196.4908942579999
216,666624,Christopher,Morel,86,82.62289125718642,101.93797636662447,101.5947606788666,95.65205918151258,109.2490053324096,106.5721816758465,408.4338015594132,101.35700858524493,195.9545450517614
217,621020,Dansby,Swanson,76,113.17733996309885,103.6320323322548,101.87463605263758,98.30302492893296,106.91865337249178,74.83380729427239,410.7283466863171,101.92642333309114,195.93199696177675
218,592518,Manny,Machado,84,115.7548777262336,96.05870194291035,97.0355908401373,95.13659077909229,120.11934037581817,73.42184866607859,408.35022393795816,101.33626794707294,195.92463114322902
219,607043,Brandon,Nimmo,79,89.94390693820294,105.28132582942023,74.54241662388117,93.25218672892981,103.35280907104152,115.01044826015104,376.42873825327274,93.41462608921661,195.89180368839362
220,608385,Jesse,Winker,76,113.17733996309885,102.95821512008317,85.69859586860393,102.18380850978512,98.93058716666765,84.46079794104843,389.77120666513986,96.7256955457764,195.54476449785005
221,643396,Isiah,Kiner-Falefa,68,109.99332272628533,105.61624281110242,99.41982554534512,102.70347527623598,92.5525118907202,82.01637944638878,400.29205552340375,99.33655136618039,195.34140245251746
222,596019,Francisco,Lindor,97,69.39784897782127,102.3015480447246,103.51777534380918,100.40320750164659,110.22644649455317,113.20224827780008,416.4489773847335,103.34605611715216,194.64610474496283
223,678882,Ceddanne,Rafaela,79,85.21001709935014,77.8817411798287,120.06653534775144,96.88627929998371,83.39796308047664,116.01593394992544,378.2325189080405,93.86225263386879,194.47522815850658
224,669707,Jared,Triolo,83,99.12651252923064,102.49980685876477,109.8648035861778,100.7629266324503,106.19780968175161,80.71696824507998,419.32534675914445,104.05985647907958,193.9815968662349
225,621466,DJ,Stewart,38,68.89055476014713,122.12222715575436,114.6089655592173,111.21796963088728,108.37692961064964,92.24796370866282,456.32609195650855,113.24196832758719,193.81122756199215
226,665120,Jared,Walsh,32,128.55469593634598,109.20523094382119,113.19404005848621,108.48514336788855,94.73083114580585,47.33423210706897,425.6152455160018,105.62075893099473,193.5652229527022
227,543228,Yan,Gomes,28,106.85065636267717,75.5544830506233,113.96145727922172,88.99767962710499,92.10449421673937,96.01318671717968,370.6181141736894,91.97266053085357,193.404582070782
228,527038,Wilmer,Flores,61,98.09240584114627,111.98553335313383,79.87897599581811,90.9145527267657,109.21726283898249,93.18926946079202,391.99632491470015,97.27788130675599,192.91871895772513
229,519317,Giancarlo,Stanton,68,93.49432431734253,97.82374733428182,104.96174623605086,97.04689698663405,81.5871733308518,102.94461998285843,381.4195638878185,94.65315031213045,192.87262246223094
230,676609,José,Caballero,79,118.34724597131967,93.8157506626987,105.18225410629465,96.64034057221991,106.14080602652788,67.7740141533033,401.7791513677412,99.70558934904592,192.76621941135738
231,662139,Daulton,Varsho,66,84.99484028849321,108.76486709269824,116.24157190621469,105.53870641822158,102.45999857494046,85.52435119345415,433.005143992075,107.45463751896582,192.7142332599395
232,687952,Christian,Encarnacion-Strand,73,92.21358014861181,86.20392505112072,110.36418905702405,96.29714904192255,88.58368021762854,102.17446073111634,381.44894336769585,94.66044112935171,191.8544615692158
233,570482,Gio,Urshela,47,135.26838411870835,80.76253432983708,108.66627845614676,96.50550926343409,83.72696879256937,63.30281183068954,369.6612908419873,91.73521507390163,191.0208130486006
234,602104,Ramón,Urías,40,65.44602702213976,114.22129855219816,117.22560860851448,104.35655896441422,119.91586323232441,90.3653522044044,455.7193293574513,113.09139400752102,190.9970836207931
235,676694,Jake,Meyers,39,76.71329174756309,90.55640127488392,109.62596705664262,95.56587062575342,85.2627575939511,115.78060751189314,381.0109965512311,94.55176016546767,190.79870979519578
236,683737,Michael,Busch,65,109.31644074027741,99.72146130765212,122.24956326316511,106.64704826507581,86.92935096173731,65.97697589923844,415.54742379763036,103.12232641035712,190.76903473011504
237,660707,Elehuris,Montero,75,89.75455134464883,86.50324423532601,105.68303366208198,93.83197508275451,85.3725643598613,107.06329772043566,371.39081734002383,92.16441469313146,190.5733392256737
238,680977,Brendan,Donovan,102,84.32821409015209,111.23723566902774,76.84763008594916,94.36152483710359,98.98995145539652,107.06329772043566,381.436342047477,94.65731398336936,190.35306988866324
239,663698,Joey,Bart,21,71.23377090845145,115.37504904262441,67.91642403509172,109.01067693437658,86.18952669823318,121.4284420246684,378.4916767103259,93.92656528255479,190.2576717491147
240,656180,Riley,Adams,39,95.89161468445386,90.22689382161488,114.00256891604683,100.11703196304049,89.40555381383889,88.95339357621059,393.75204851454106,97.7135820036693,190.13608613400152
241,676391,Ernie,Clement,49,91.58627688229471,67.99436223578665,122.24956326316511,94.37036905848485,69.80639352418885,112.71113223321092,354.4206880816255,87.9531042424072,190.10180880016003
242,679529,Spencer,Torkelson,87,107.46474059464657,111.32815522514146,105.85856036754522,102.29692537052546,113.05379476002015,57.654977317914266,432.5374357232323,107.33857094749332,189.89842990377375
243,686823,Will,Brennan,66,79.32851760259366,79.13371010805885,104.94314918675317,94.21078239842952,86.18952669823318,118.60452476828075,364.4771683914747,90.44872227698475,189.41524346242198
244,649966,Luis,Urías,20,56.096594590405516,92.19823772023838,125.84513865325819,106.72373965603302,90.10723245724377,116.55076676363522,414.87434848677333,102.95529591532811,189.2789765923485
245,650490,Yandy,Díaz,102,91.66110227190444,103.31930211479346,82.79629511914365,87.36363269626248,114.37317421172386,93.63515113285325,387.85240414192344,96.24952515273722,188.89765185511607
246,677649,Ezequiel,Duran,29,116.06191984221832,95.13809700981956,110.36418905702405,94.8695990585584,98.7261851270671,63.30281183068954,399.09807025246914,99.04025175803159,188.7226175944855
247,664040,Brandon,Lowe,20,74.79545945387403,91.37703884175853,119.77153157539826,100.37113610507866,106.9938952115998,94.78539660570678,418.51360173383523,103.85841368177641,188.64884171156683
248,669289,Santiago,Espinal,61,73.56930438085969,107.01815359845594,117.08967909946008,103.75162870897938,91.93549514478205,95.27651265029593,419.7949565516775,104.17639493302673,188.59930344860453
249,593871,Jorge,Polanco,66,84.99484028849321,111.02296609348305,93.68371054086774,97.87451848575255,107.03043684247811,88.64644604834237,409.61163196258144,101.64929919838734,188.46994236680513
250,543807,George,Springer,96,85.70313062423065,101.8111785618222,107.0598720193886,103.03054902019868,110.81510575487124,81.18762112114457,422.7167053562807,104.9014566628381,188.34683253552572
251,808982,Jung Hoo,Lee,104,97.09025986800955,102.37814614331207,138.91995825359672,112.23939111928063,78.39348910743821,65.20681664749635,431.93098462362764,107.18807392918957,188.33661218694255
252,678662,Ezequiel,Tovar,79,137.2828053267308,73.60168173506581,117.83090435003867,92.27029605690169,92.247576498109,52.79497479333409,375.95045864011513,93.29593613096175,188.3348261909942
253,547180,Bryce,Harper,76,88.57357040590344,94.88031189639463,100.11817681035073,91.00789415666998,96.30894481260064,97.8957982214381,382.315327676016,94.87544322134619,188.11012753501694
254,679032,Johan,Rojas,71,100.07843166363423,95.24210298468645,93.29571933241549,96.26916924074816,94.18060864376473,86.83545563391985,378.98760020161484,94.04963374890669,187.5065773976837
255,663538,Nico,Hoerner,102,113.6597668171615,105.47339751228775,95.13293219621305,94.78504504870229,114.1633204511685,57.654977317914266,409.5546952083716,101.63516976281362,187.2925418303515
256,571448,Nolan,Arenado,100,115.93296215350473,108.28823488471212,88.383130197018,91.07232508049273,99.63192994474662,66.36205552510947,387.37562010696945,96.13120633744907,187.27871517675618
257,673490,Ha-Seong,Kim,87,94.56897172328901,119.99005100432937,70.94840725094404,89.70015068669962,122.31947980910869,79.87651668067889,402.95808875108173,99.99815467059493,187.22089887257886
258,666310,Bo,Naylor,39,105.48077615289925,109.14479639432268,101.41156952512563,99.47147008867324,99.03765490169651,64.58175986347379,409.06549090981804,101.51376873258762,186.54503674077415
259,624424,Michael,Conforto,85,105.5935898172339,91.9051313481147,90.5891224779442,93.36277992950968,99.99477556331814,80.71696824507998,375.8518093188867,93.2714552969551,186.42673432811205
260,606115,Orlando,Arcia,92,109.75420680731516,98.44183767813523,121.6463581812745,101.78220114161809,105.77805549328619,50.83051061497748,427.64845249431403,106.1253199550078,186.41767866615413
261,593428,Xander,Bogaerts,96,85.70313062423065,111.46397223132831,93.05308935534215,99.89993327858069,110.30677958168376,80.71696824507998,414.7237744469349,102.91792943343961,186.12797886809494
262,642180,Tyler,Wade,43,95.66861092937376,105.59124488380986,94.28822698488798,103.35968886872602,83.62944174680051,84.44857319102077,386.86860248422437,96.00538474936005,186.06397680955732
263,680869,Zack,Gelof,60,93.49432431734253,99.52616072676916,101.87463605263758,98.38220577865421,105.90308865580779,76.85966097820265,405.68609121386874,100.67513627198439,185.85212891975698
264,677587,Brayan,Rocchio,68,98.9939904536568,89.65294376927253,92.3238889227028,100.51543347105603,93.41211273439798,86.12947631982294,375.9043788974293,93.28450097339844,185.8462343601383
265,701538,Jackson,Merrill,81,115.42509174980557,89.16890712279823,141.05718838057513,106.36733384642103,72.92959951388961,52.79497479333409,409.52302886368403,101.62731143679333,185.73734470836317
266,666150,Dominic,Fletcher,40,112.19318918081103,110.28497334956744,89.1403065460579,100.42270705641482,104.04861781588511,57.654977317914266,403.8966047679253,100.23105698086752,185.1551402302302
267,681351,Logan,O'Hoppe,68,120.99265499891388,99.86014113189255,100.20456005177468,98.19684293093759,99.23442803634414,52.007142805139,397.49597215094894,98.64267479351444,185.14257369554088
268,668804,Bryan,Reynolds,97,104.09677346673189,102.47861636999912,88.00688454809007,94.90065574151073,98.2627677921491,75.304460170337,383.64892445174905,95.20638884663761,184.90700566517205
269,623912,Harold,Ramírez,87,111.76333021843246,72.73590457386096,100.35411909662808,85.34945904003747,83.71687634213633,88.15533000375322,342.1563590526629,84.90958605675574,184.86891616784857
270,571745,Mitch,Haniger,70,101.50812354454331,107.04206292678447,101.87463605263758,104.4016657327984,97.81509076450648,63.77346470675415,411.1334554767269,102.02695520628764,184.66774933193636
271,641680,Jonah,Heim,73,107.58251017338043,91.05054181500721,110.91190215408125,96.92854711226012,100.11914717471531,63.30281183068954,399.0101382560639,99.01843053735755,184.46109153939253
272,553993,Eugenio,Suárez,82,114.017468679686,102.15591328656262,88.31340203264362,97.8815030371324,96.39618117565553,63.538138268721845,384.7469995319942,95.4788873639266,184.2566908381305
273,682626,Francisco,Álvarez,41,109.45676993249856,92.93533222566334,107.71990205565778,98.2303957303735,92.34592146239268,64.58175986347379,391.23155147408727,97.08809498669625,184.1073598846824
274,678554,Curtis,Mead,62,102.5421621545047,83.74305643010487,108.73158271002667,96.37462475719978,71.22248313985735,86.83545563391985,360.07174703718863,89.35547208974958,184.04428098396187
275,608324,Alex,Bregman,91,86.30245321600849,107.18089409967013,84.08700118630405,93.48617614423873,112.04638470770314,84.71751769162911,396.80045613791606,98.47007540963634,183.98006086345515
276,642133,Rowdy,Tellez,62,96.51027026306325,105.88674277061159,84.31004362976904,97.53231639324595,97.50190207737629,79.87651668067889,385.2310048710028,95.59899821937955,183.79239169125063
277,621566,Matt,Olson,75,94.74091530824043,99.91203450161291,78.61708248435055,85.78049435495079,126.45567623679,78.8007386782455,390.7652875777042,96.97238685096349,183.74321384420645
278,622569,Pablo,Reyes,41,100.3353724381237,105.66539603892488,87.3211166165465,98.59240711081144,98.9583454683418,71.62481041201372,390.53726523462467,96.91580078365735,182.89589220872605
279,680779,Henry,Davis,41,100.3353724381237,108.33064038787097,104.39628545988111,102.32898769127443,99.11795570296815,59.70567913505291,414.1738692419947,102.78146485493167,182.80199064151998
280,670032,Nicky,Lopez,77,82.56641628025054,99.40598367722686,97.9183395069041,100.41571577912045,100.10833225198512,84.46079794104843,397.8483712152365,98.73012621121802,182.2437333218675
281,681481,Kerry,Carpenter,69,119.23913825979915,91.89111500964466,92.81911284795869,91.96930560220356,98.63400381509037,58.93392535069852,375.31353727489727,93.1378776058445,182.22440941109335
282,608369,Corey,Seager,89,96.64581839545521,89.39497823828523,98.49927160511045,96.34020349217096,109.09575226217802,72.39496966375579,393.3302055977447,97.60889738653891,182.1292914161444
283,642708,Amed,Rosario,89,121.85777102035655,88.31217965515737,106.03278446294932,94.85681425981726,103.50798299741086,46.65602423596966,392.70976137533484,97.45492783226265,181.71182546042576
284,665923,Esteury,Ruiz,28,93.49432431734253,98.38633769277007,105.5791682727335,98.77523813983892,103.00699532227868,67.77401415330331,405.7477394276212,100.6904349042394,181.32460413956233
285,672356,Gabriel,Arias,44,118.9927764038905,66.7501905873321,119.89861012348885,99.83959172632535,99.55224401578872,51.771816367106695,386.040636452935,95.799916544179,181.18221292967758
286,641598,Mitch,Garver,54,62.329549544895016,118.2290634136788,96.45577243281645,97.86284006382556,111.12486146627548,89.62867813752067,423.67253737659627,105.13865611577093,181.11776995697875
287,663728,Cal,Raleigh,56,93.49432431734253,100.24485273779418,114.308154625991,98.58437673160483,94.45427583368019,65.07287590806295,407.5916599290702,101.14802256075144,180.43162267345417
288,624428,Adam,Frazier,54,83.10606605986001,110.87790331381244,86.51853282411501,94.17636121377537,116.1684925063143,75.0691337323047,407.7412898580171,101.1851547519045,180.27275464798686
289,642350,José,Siri,46,113.81917742980829,98.64566693144387,95.66276800064749,93.47180481575367,90.22966076221286,57.89030375594657,378.0099005100579,93.80700761058863,179.66174820346606
290,647304,Josh,Naylor,95,86.60526884132781,84.59044379595466,93.65893959677972,93.79757243061286,105.479563625933,85.23095719279051,377.5265194492802,93.68705167613822,179.6051646931974
291,656305,Matt,Chapman,88,97.74406633176719,102.86797670815437,106.26578415835472,98.09122937611954,104.05808711128152,56.478345127752746,411.28307735391013,102.06408539931353,179.1752911290735
292,664023,Ian,Happ,74,111.18243972873165,99.89997365727422,85.18453610358846,92.92886888453002,111.38338834848595,53.14098837020372,389.39676699387866,96.63277452692395,178.79448857639164
293,607680,Kevin,Pillar,22,67.99587223079456,90.7424760720241,108.57691474031112,94.32410082619555,80.86918554402125,103.07297985814876,374.512677182552,92.9391360155415,178.47356206001314
294,681546,James,Outman,48,93.49432431734253,95.51839586528853,101.07247356403415,97.58052811662373,108.23801027219982,63.538138268721845,402.40940781814624,99.86199390765668,178.37822520068886
295,623993,Anthony,Santander,89,79.8378499788543,86.02858121113972,101.33845375762371,90.71517870762806,102.43293749905405,87.54143494801676,380.5151511754455,94.42871108427369,178.1183535477092
296,664913,Seth,Brown,56,93.49432431734253,90.7424760720241,104.96174623605086,94.21671962869449,86.65541603173713,75.304460170337,376.5763579685066,93.45125942535869,177.85065166919844
297,694192,Jackson,Chourio,65,92.05595009707572,91.09103872018807,141.05718838057513,104.75708597686778,75.363789045315,58.93392535069852,412.269102122946,102.30877749041582,177.80371521430294
298,664056,Harrison,Bader,67,122.79851552128571,88.603764514771,100.71696973385762,95.91595493052779,91.09905670003128,45.1826761022022,376.3357458791877,93.39154908427109,177.38214489601506
299,670541,Yordan,Álvarez,101,85.16314690292587,92.0449996520053,78.67546150599735,85.68579508318052,100.05479838447069,92.41911020904995,356.4610546256539,88.45944198558749,177.2505705415754
300,656775,Cedric,Mullins,77,72.8527202472799,99.46828686595356,113.72052396573497,102.4615494903188,104.5989401677587,72.39496966375579,420.24930048976603,104.28914500967971,176.91298996519757
301,663457,Lars,Nootbaar,51,80.66176999927592,122.5145941566482,82.95506078571918,99.19993948949556,112.28360358852396,65.07287590806295,416.95319802038694,103.47118360440139,176.33850655807083
302,641313,Tim,Anderson,63,124.65909908979003,79.87432958720734,93.69492074914115,87.95008144992218,91.02258427009671,52.79497479333409,352.54191605636737,87.48686782522834,176.2139047667904
303,691023,Jordan,Walker,42,80.13799227200788,91.87860941424324,107.86726170279275,97.7090927122978,100.98325143001946,74.22868216790361,398.4382152593532,98.87650201952583,176.05983923948156
304,676369,Nelson,Velázquez,57,111.53708865928581,105.94968161764069,114.6089655592173,102.44642554441785,88.1263699948227,35.427325580135815,411.13144271609855,102.02645571923365,175.50866283894447
305,663611,Nick,Madrigal,34,76.99532590839972,108.09448560303811,95.50747129934774,95.36096953092976,120.66533737752646,65.20681664749635,419.62826381084204,104.1350284312841,175.23609970923212
306,608841,Joey,Meneses,81,101.57408073982891,94.9149100367258,99.37464498386122,96.42710262083686,108.13593395935737,50.83051061497748,398.85259160078124,98.9793337299163,175.18162940731952
307,672279,Michael,Siani,34,76.99532590839972,101.12064782219694,141.05718838057513,115.27343150693068,92.34592146239268,48.41001010950235,449.7971891720954,111.62175459149235,174.32442260044337
308,666134,Nolan,Jones,57,98.41507822878161,113.2855377857695,70.62737373397144,82.31298790111306,121.05270603684437,57.654977317914266,387.2786054576984,96.1071311639411,174.14215893728903
309,621028,Kevin,Newman,42,53.425328181338585,98.48020658979358,118.85374206141053,103.9444756024905,107.52356796017209,81.42294755917689,428.8019922138667,106.41158258756104,173.83572045781878
310,686681,Michael,Massey,33,67.99587223079456,88.5292449483162,97.2439707775177,94.62354241611996,99.24854589493518,90.3653522044044,379.645304036889,94.2128496556801,173.3934618732796
311,457705,Andrew,McCutchen,50,89.75455134464883,115.49042409166704,83.66241061305992,97.11751147015075,123.7073206727582,46.96620279044703,419.97766684763593,104.22173635424447,172.5821134217924
312,624585,Jorge,Soler,77,87.42326429673587,98.45085332404403,93.85911900281076,95.51683586175977,109.14985143341825,60.32914138646316,396.9766596220328,98.51380209921047,172.39000494080997
313,669357,Nolan,Gorman,67,89.3080112882078,88.3260097670758,101.5327748578301,96.17784802122002,98.55426892498393,64.58175986347379,384.59090157110984,95.4401500647582,172.385035640599
314,669394,Jake,Burger,46,81.29941244986306,98.7673208947201,106.30396805492619,100.19467489532994,102.299718604445,61.09930063820524,407.5656824494212,101.14157598454312,172.34093252857727
315,605113,Nick,Ahmed,73,112.70548684830331,86.96953309228526,111.6042361250805,102.70347527623598,94.02493821625437,34.59298639074856,395.30218270985614,98.09826359550365,171.7475002150296
316,671289,Tyler,Freeman,69,75.8794516198722,97.05077654761935,98.63317036005368,103.47094056030875,101.73190036512769,66.42929165026158,400.88678783310945,99.48414024739101,170.63851188245792
317,669397,Nick,Allen,53,77.61792962194475,94.40393718722974,92.92618829125726,99.30506700342427,95.15323747484943,73.16512891549787,381.78842995676075,94.74468818478897,170.13621745351028
318,622534,Manuel,Margot,41,82.09257744937392,100.87735002292548,101.87463605263758,99.31931158270754,95.26210845594194,60.78145713748629,397.33340611421255,98.60233237543287,170.03934966886297
319,596103,Austin,Slater,22,50.99690417309593,121.94641053157386,108.24180080592744,106.53666912201717,111.77704243677115,66.36205552510947,448.50192289628967,111.30032107023196,169.97980091933465
320,669127,Shea,Langeliers,73,51.22976674922878,93.70303199075025,113.08084601842772,99.12031339039461,90.10723245724377,91.64895095730789,396.01142385681635,98.27426901118422,169.71362786445255
321,592178,Kris,Bryant,29,77.37461322814553,94.11971282638251,101.1572090381824,87.76988069764013,86.18952669823318,78.04280417653108,369.2363292604382,91.62975652834292,169.3384652306812
322,453568,Charlie,Blackmon,77,92.2801123132212,92.41972289493212,91.68717244737383,89.79680232026175,96.62299571959824,62.12617964052802,370.52669338216594,91.94997353013048,169.1531195070051
323,686469,Vinnie,Pasquantino,94,75.59115583104288,110.2693380115736,107.09897636302925,101.49773064106822,88.6174006897327,60.32914138646316,407.4834457054037,101.12116809876682,169.08131670751982
324,608348,Carson,Kelly,37,80.8599561663503,103.11645008184556,108.35756743780544,101.09619766220331,98.63912499908908,53.14098837020372,411.2093401809434,102.04578676867888,169.0462590369559
325,682998,Corbin,Carroll,95,86.60526884132781,106.47372985195219,98.9913916360535,95.32694155587157,96.14920533891791,52.79497479333409,396.94126838279516,98.50501940266196,168.20514121999292
326,608336,Joey,Gallo,31,72.38270269729745,113.29756793802778,101.38485414853837,106.1429301885172,100.55444781460538,54.39756399146712,421.37980008968873,104.5696900018363,167.9598233462186
327,665487,Fernando,Tatís,94,83.54811960273162,93.06920622771702,96.88078134417496,94.36641322477182,91.70565640692011,65.07287590806295,376.0220572035839,93.3137040438634,167.62420179926067
328,657041,Lane,Thomas,68,76.99532590839972,114.4373199206184,91.68717244737383,97.27483007802093,120.36813211304977,46.65602423596966,423.7674545590629,105.16221078152441,166.9878858537091
329,595879,Javier,Báez,70,85.48052509014174,81.49926657071168,90.6796211017983,84.23552308565463,72.78226698961913,83.69063868930635,329.1966777477838,81.6935091202596,166.27909100998363
330,656413,Stuart,Fairchild,50,82.27500539926143,90.24113642521733,111.3714241592394,102.05457604608156,91.70565640692011,53.28609083792325,395.3727930374584,98.11578626760783,165.89633438620018
331,571657,Kyle,Farmer,45,66.48485284788802,99.9345710507486,82.4699434711828,92.02200000953867,81.16877757018077,88.64644604834237,355.5952921016508,88.24459419570543,165.81024364382063
332,658668,Edward,Olivares,52,79.11058211467444,97.27966988853353,114.6089655592173,100.56088919815913,100.82548406208409,47.33423210706897,413.27500870799406,102.55840345669824,165.78081056756994
333,624413,Pete,Alonso,90,74.79545945387403,103.97066919494962,95.61418355778277,93.49754533834006,98.91793781400601,61.85723513991967,392.00033590507843,97.27887667487843,165.60522397177527
334,665839,Enmanuel,Valdez,64,70.1207432380069,94.27789721768737,114.97280354511956,101.82315977386823,96.74334629393519,57.89030375594657,407.81720683061036,101.20399432202217,165.2095178189989
335,592273,Brandon,Drury,68,76.99532590839972,101.47694167050241,107.71990205565778,99.0794987071838,104.10532719168614,47.49315385742845,412.3816696250301,102.33671226278676,164.58095214570085
336,668227,Randy,Arozarena,78,62.329549544895016,109.99088008730196,83.11947292997628,93.10118908106232,116.63093400016234,66.74713515098051,402.84247609850286,99.96946421310767,164.50780656104544
337,621035,Chris,Taylor,29,51.58307548543036,103.23705411702902,109.6650493978393,102.25706528426824,107.56452931939499,67.4767597052625,422.72369811853156,104.90319198802614,164.43310958337258
338,605204,J. D.,Davis,35,85.48052509014174,88.0670222320627,117.33775045348438,103.54743788055585,97.73276688103226,41.00818972319439,406.68497744713517,100.92302006645563,164.1673774731237
339,605361,Nick,Martini,58,70.92672879246675,94.88483647016177,116.75520086931499,101.42069669175808,95.99552075372077,53.91114762194581,409.0562547849556,101.51147669411431,163.9304149013206
340,665804,Miguel,Amaya,46,89.42935369484938,84.22985817211807,129.5579610669413,100.48957447636766,81.61886997938748,41.73122167772843,395.8962636948145,98.24569084384316,163.82597853013206
341,669261,Jack,Suwinski,75,69.80909549028243,95.48420889468535,87.69322364758293,93.42759268891926,109.39439927083441,65.97697589923844,385.99942450202195,95.78968937873245,163.6827250734929
342,690993,Colt,Keith,76,73.8113086715862,96.79833233116601,140.0776245723767,111.27366722551236,77.37468874045933,41.00818972319439,425.52431286951435,105.59819306843508,163.00794226582536
343,657656,Ramón,Laureano,31,96.51027026306325,101.38824142125597,81.49970884211008,97.9601479857401,96.46901153380227,41.84531934465318,377.31710978290846,93.63508453416507,162.81287933802327
344,671056,Iván,Herrera,46,81.29941244986306,98.53349674487465,102.98196905320974,102.88308163133391,80.34616895598008,53.14098837020372,384.7447163853984,95.47832077784038,162.69852118787378
345,666971,Lourdes,Gurriel,105,92.60390218098689,96.38376090124396,95.85477119498174,94.34175700094391,113.14455242239106,33.88700707665165,399.72484151956064,99.1957914328994,162.4412460617187
346,571912,Luke,Maile,28,80.13799227200788,91.37703884175853,77.61877032581911,91.9909658249078,92.8931565525402,64.58175986347379,353.87993154502567,87.81890999914573,160.17878606688657
347,605137,Josh,Bell,95,74.79545945387403,92.9290417605066,86.44790545038104,91.50756262984177,95.37365659230721,63.30281183068954,366.25816643303665,90.89069508408268,159.93983072636445
348,678009,Parker,Meadows,40,46.747162158671266,103.56805497271498,105.64777072125379,102.94438790966242,90.55355336649815,71.21182646542738,402.7137669701293,99.93752373173774,158.91701804378707
349,666182,Bo,Bichette,95,86.60526884132781,89.81110168418809,109.03769640008866,95.42765552360873,112.39114281449606,28.70982543994098,406.66759642238156,100.91870678810197,158.57625392873638
350,669699,Braden,Shewmake,39,57.534968810672325,85.03141114441418,141.05718838057513,107.84321944263475,73.54839611582565,56.478345127752746,407.4802150834497,101.12036638701846,158.127023356231
351,663743,Nick,Fortes,50,52.35682161771182,101.97071174760283,100.02236994258963,102.89302394691482,99.44945388257673,57.654977317914266,404.335559519684,100.33998807416262,155.34588754197566
352,543305,Aaron,Hicks,34,76.99532590839972,106.96915261237605,91.98389468830383,95.48966179750322,105.34275485339613,34.86923916582996,399.78546395157923,99.21083550696748,155.1431180440823
353,455117,Martín,Maldonado,35,42.74026254507087,98.57673215371399,99.79556184748172,99.68700956882205,87.08733426800644,74.22868216790361,385.1466378380242,95.57806168069624,154.06253403718347
354,553882,Omar,Narváez,32,70.1207432380069,86.27724997673684,95.95169209608889,102.3103519258963,98.19060003596185,41.49930576778354,382.72989403468387,94.97832208645045,150.78834658934568
355,676116,Ryan,Noda,55,67.99587223079456,111.40555378617398,107.0799094275899,104.42659283626827,108.06504108864769,16.943503538325825,430.9770971386798,106.95135703251725,149.42104491707744
356,669720,Austin,Hays,34,54.996661363142664,98.05790724764182,94.59787633459206,94.31924751511625,104.05808711128152,46.65602423596966,391.0331182086316,97.03885175042737,147.86519454998353
357,666160,Mickey,Moniak,42,71.23377090845145,94.39938935327717,112.27000707841694,95.86339824289462,98.42287887475659,22.5913380511011,400.9556735493453,99.50123493961595,146.41378941939223
358,660688,Keibert,Ruiz,41,45.606987471874405,87.34569889285741,100.96504108788189,91.82597681425207,90.82337221964356,55.13362262471102,370.96008901463495,92.05752507134292,142.42783011963564
359,592669,Hunter,Renfroe,63,59.36147575704287,106.0124865522293,81.33539491299291,92.77278522825472,98.83065728064072,34.86923916582996,378.95132397411766,94.04063143350618,141.1559888949426
360,547989,José,Abreu,54,48.47853853491835,91.43820151835943,89.1403065460579,91.13322100581989,114.5557000419555,40.24082090352384,386.2674291121927,95.85619745291791,140.21587717213902
361,669004,MJ,Melendez,68,65.9959936357712,100.79164284363667,99.12126751067441,95.58640917521092,101.89894782057125,17.178829976358127,397.3982673500933,98.61842835186017,140.20584015792485
362,687363,Victor,Scott,46,40.64970622493153,87.09937712497006,123.23544683786804,109.69943289832216,83.26784782710664,36.197484831877894,403.3021046882669,100.08352572990886,138.50712125831356
363,624503,Nick,Gordon,57,59.049046937268955,77.99353315281411,140.5869977526399,95.51492361279357,75.01681027438813,22.5913380511011,389.1122647926357,96.56217240745244,137.38236490163746
364,669911,Michael,Toglia,27,13.851011009976668,95.34923695879746,105.38755453721132,99.02869912827322,92.75634778000332,64.00879114478644,392.5218384042853,97.40829283261935,136.3381939100009
365,672820,Lenyn,Sosa,26,71.91871101334041,93.87152697105941,86.59344064474195,96.75102230069919,77.18465077453718,17.178829976358127,354.4006406910378,87.94812927820945,132.49689977305871
366,592696,Eddie,Rosario,52,35.95935550667021,89.40599470783481,104.27168631269966,92.77688731461961,92.34592146239268,16.943503538325825,378.8004897975468,94.0032003960375,120.45462991853552
367,542194,Christian,Bethancourt,27,13.851011009976668,71.43737572680435,133.22067791498762,91.47749113374259,85.22110504993842,17.178829976358127,381.3566498254729,94.6375375466518,110.1524580398192
